parent;broken;corrected
https://www.waronhf.com/etching-aluminum-multietch.html;/files/static/5c17d54ada02bc9741cdfef6/t/605b75b935f69f69305886b4/1616607440123/aluminum.jpg;/files/content/v1/5c17d54ada02bc9741cdfef6/1616606511975-06TYR4G58HAUPP6PMMJL/aluminum.jpg
https://www.waronhf.com/etching-brass-multietch.html;/files/static/5c17d54ada02bc9741cdfef6/t/60625fb1bec6670ee3a8f827/1617059763651/brass.jpg;/files/content/v1/5c17d54ada02bc9741cdfef6/1617059273258-F54APMDFC3V35UUKNM59/brass.jpg
https://www.waronhf.com/etching-bronze-multietch.html;/files/static/5c17d54ada02bc9741cdfef6/t/605b82a0d6cb0e22fb137393/1616609955623/bronze.jpg;/files/content/v1/5c17d54ada02bc9741cdfef6/1616609890746-79RJP8Z5PDJZ2X8P5JYF/bronze.jpg
https://www.waronhf.com/etching-copper-multietch.html;/files/static/5c17d54ada02bc9741cdfef6/t/605b7e6b976d1f72b6cd8815/1616609643241/copper.jpg;/files/content/v1/5c17d54ada02bc9741cdfef6/1616608782731-8W6FONGZNKXUFTWGBGSS/copper.jpg
https://www.waronhf.com/etching-gold-multietch.html;/files/static/5c17d54ada02bc9741cdfef6/t/605d09c2c9c2b32f8dc6d49c/1616710085259/gold.jpg;/files/content/v1/5c17d54ada02bc9741cdfef6/1616710003124-VMS8BWWVXEVYHPPF20QU/gold.jpg
https://www.waronhf.com/etching-hafnium-multietch.html;/files/static/5c17d54ada02bc9741cdfef6/t/605b7b9b35f69f693059559d/1616608239693/hafnium.jpg;/files/content/v1/5c17d54ada02bc9741cdfef6/1616607755089-HT2IU3XU7S6TBSW90G06/hafnium.jpg
https://www.waronhf.com/etching-magnesium-multietch.html;/files/static/5c17d54ada02bc9741cdfef6/t/6062650c14783179bf33738c/1617061153559/magnesium.jpg;/files/content/v1/5c17d54ada02bc9741cdfef6/1617060973635-822IQ7WYHHHWW3OLJX52/magnesium.jpg
https://www.waronhf.com/etching-gibeon-meteorite-multietch.html;/files/static/5c17d54ada02bc9741cdfef6/t/605bcc4a571aea4652aff970/1616629060342/meteorite-gibeon.jpg;/files/content/v1/5c17d54ada02bc9741cdfef6/1616628742681-XKDSG3A064LWJZ0L0UEC/meteorite-gibeon.jpg
https://www.waronhf.com/etching-mokume-multietch.html;/files/static/5c17d54ada02bc9741cdfef6/t/605d2b8729851a4dc9ba3feb/1616718761515/mokume.jpg;/files/content/v1/5c17d54ada02bc9741cdfef6/1616718699932-TNES0L2M5X8W97TWMOOW/mokume.jpg
https://www.waronhf.com/etching-nickel-multietch.html;/files/static/5c17d54ada02bc9741cdfef6/t/605e81be1052d72d04ec2b2d/1616806384640/nickel.jpg;/files/content/v1/5c17d54ada02bc9741cdfef6/1616806155496-KW6NEJXD63F7HZX76YLA/nickel.jpg
https://www.waronhf.com/etching-niobium-multietch.html;/files/static/5c17d54ada02bc9741cdfef6/t/605e47e014b4d84b4fc400bb/1616791529369/niobium.jpg;/files/content/v1/5c17d54ada02bc9741cdfef6/1616791492760-OKRFLHG8V7RQLZ5PPNEK/niobium.jpg
https://www.waronhf.com/etching-nitinol-multietch.html;/files/static/5c17d54ada02bc9741cdfef6/t/605b89850253f160b4a5ba44/1616611105771/silver.jpg;/files/content/v1/5c17d54ada02bc9741cdfef6/1616611943858-I8BQ5R5ZKDDNDBHK7JZW/nitinol.jpg
https://www.waronhf.com/etching-palladium-multietch.html;/files/static/5c17d54ada02bc9741cdfef6/t/605bd0ff5daeb244d866ce2a/1616805941409/palladium.jpg;/files/content/v1/5c17d54ada02bc9741cdfef6/1616629954249-12SCARNWBVU1JIWDZNY0/palladium.jpg
https://www.waronhf.com/etching-pewter-multietch.html;/files/static/5c17d54ada02bc9741cdfef6/t/605e83858424f6747759bcfa/1616806806184/pewter.jpg;/files/content/v1/5c17d54ada02bc9741cdfef6/1616806513748-AFXN41XYEXD70LVJRMP3/pewter.jpg
https://www.waronhf.com/etching-platinum-multietch.html;/files/static/5c17d54ada02bc9741cdfef6/t/6062595ee6821e7a97deb04d/1617058146465/platinum.jpg;/files/content/v1/5c17d54ada02bc9741cdfef6/1617057360275-VVB5XL73E4TS8IYJCZ18/platinum.jpg
https://www.waronhf.com/etching-rhodium-multietch.html;/files/static/5c17d54ada02bc9741cdfef6/t/605b84a3658ec121dbe944b4/1616610471024/rhodium.jpg;/files/content/v1/5c17d54ada02bc9741cdfef6/1616610393389-VOH7MYG99IUF7CPBQ98P/rhodium.jpg
https://www.waronhf.com/etching-stainless-steel-multietch.html;/files/static/5c17d54ada02bc9741cdfef6/t/606266f3273b47742c45a8b0/1617061622448/stainless-steel.jpg;/files/content/v1/5c17d54ada02bc9741cdfef6/1617061450176-TLN6QCVGBXPF36H4H2HL/stainless-steel.jpg
https://www.waronhf.com/etching-silver-multietch.html;/files/static/5c17d54ada02bc9741cdfef6/t/605b871e10ba59337a0a7a85/1616611717359/silver.jpg;/files/content/v1/5c17d54ada02bc9741cdfef6/1616611038639-9YAJKQC57XDAZH787L9E/silver.jpg
https://www.waronhf.com/etching-tantalum-multietch.html;/files/static/5c17d54ada02bc9741cdfef6/t/605d1ef5bb998a5f41fbfb14/1616715512341/tantalum.jpg;/files/content/v1/5c17d54ada02bc9741cdfef6/1616715304627-8SNCXL821MCGEC4B95TI/tantalum.jpg
https://www.waronhf.com/etching-tool-steel-multietch.html;/files/static/5c17d54ada02bc9741cdfef6/t/605e84b1d0939c02bc0904bb/1616807091860/tool-steel.jpg;/files/content/v1/5c17d54ada02bc9741cdfef6/1616806966841-1KNMCIXU37PNNI12P2VO/tool-steel.jpg
https://www.waronhf.com/etching-zinc-multietch.html;/files/static/5c17d54ada02bc9741cdfef6/t/605e866a5517c019d348bebc/1616807532631/zinc.jpg;/files/content/v1/5c17d54ada02bc9741cdfef6/1616807404575-QC8LMDY33N1A1X8FQ657/zinc.jpg
https://www.waronhf.com/etching-zirconium-multietch.html;/files/static/5c17d54ada02bc9741cdfef6/t/605d1c61b487005be5bc1029/1616715209152/zirconium.jpg;/files/content/v1/5c17d54ada02bc9741cdfef6/1616714686807-DXOJ9A0FYBLACEE4X4D7/zirconium.jpg
https://www.waronhf.com/blog/reverse-anodizing;/files/static/5c17d54ada02bc9741cdfef6/5d1e041e9a38c30001fb7bfe/618b0c8a6707be07ae0dc82c/1636578386322/reverse-anodize.jpg;
https://www.waronhf.com/blog/back-to-school-with-titanium-multi-etch.html;/files/static/5c17d54ada02bc9741cdfef6/5d1e041e9a38c30001fb7bfe/6137f91f2c85be594fd14c8d/1631061399335/multi-etch-student-demo.jpg;
https://www.waronhf.com/blog/a-pilgrimage-to-the-discovery-of-titanium.html;/files/static/5c17d54ada02bc9741cdfef6/5d1e041e9a38c30001fb7bfe/60b82512297d2d2c20f40cb8/1622682653276/cornwall-discovery-crop.jpg;
https://www.waronhf.com/blog/new-more-detailed-etch-rates-for-metals-using-multi-etch;/files/static/5c17d54ada02bc9741cdfef6/t/608a0382b2749f32161d8e93/1619657602132/titanium-strips-multietch.jpg;
https://www.waronhf.com/blog/multi-etch-customer-questions.html;/files/static/5c17d54ada02bc9741cdfef6/5d1e041e9a38c30001fb7bfe/600f34b2bcd9af2101cb504e/1611782754979/Titanium_products.jpg;
https://www.waronhf.com/blog/year-in-review.html;/files/static/5c17d54ada02bc9741cdfef6/5d1e041e9a38c30001fb7bfe/5fe209015398431f582c12d2/1608739862343/Year+in+review+%282%29.jpg;
https://www.waronhf.com/blog/multi-etch-data-sheet;/files/static/5c17d54ada02bc9741cdfef6/5d1e041e9a38c30001fb7bfe/5fbbdd0b0e71287ce795be6f/1606313987922/IMG_0974ed.jpg;
https://www.waronhf.com/blog/etch-now-anodize-later.html;/files/static/5c17d54ada02bc9741cdfef6/5d1e041e9a38c30001fb7bfe/5f720fdec9065c252a2978e1/1601413189116/Untitled+design.jpg;
https://www.waronhf.com/blog/plastics-to-use-with-multi-etch.html;/files/static/5c17d54ada02bc9741cdfef6/t/5f400eca4887dd46d1919a9d/1598033615760/bucket.png;
https://www.waronhf.com/blog/precision-etching;/files/static/5c17d54ada02bc9741cdfef6/5d1e041e9a38c30001fb7bfe/5efb9943182451350f457bcb/1593550514715/SOLEIL_le_01_juin_2005.jpg;
https://www.waronhf.com/blog/brightening-tumbled-titanium-with-multi-etch.html;/files/static/5c17d54ada02bc9741cdfef6/5d1e041e9a38c30001fb7bfe/5ebd3cac2f626208cfb86821/1589472581732/MEwebBrightening.jpg;
https://www.waronhf.com/blog/overview-of-the-multi-etch-process;/files/static/5c17d54ada02bc9741cdfef6/5d1e041e9a38c30001fb7bfe/5e9f002252f08b3e5e3fafea/1587580284944/Titanium+Art+by+Chris+and+Sandy+Boothe.jpg;
https://www.waronhf.com/blog/titanium-wall-art.html;/files/static/5c17d54ada02bc9741cdfef6/5d1e041e9a38c30001fb7bfe/5e62926c09d206585d2e96d7/1583864404922/wallartpic8.png;
https://www.waronhf.com/blog/hazards-of-hydrofluoric-acid;/files/static/5c17d54ada02bc9741cdfef6/5d1e041e9a38c30001fb7bfe/5e34735bda892b503e9852d5/1581612807381/Screen+Shot+2020-01-31+at+1.43.43+PM.png;
https://www.waronhf.com/blog/keeping-etch-times-consistent.html;/files/static/5c17d54ada02bc9741cdfef6/5d1e041e9a38c30001fb7bfe/5e0dff9fb3d42078f3723583/1602859739603/IPECglobal.jpg;
https://www.waronhf.com/blog/multi-etch-answers-customer-questions-1.html;/files/static/5c17d54ada02bc9741cdfef6/t/5ddbee40c040f62cf16897b8/1574694504506/SenchesenWallArt.jpg;
https://www.waronhf.com/blog/how-to-tell-when-your-bath-is-used-up.html;/files/static/5c17d54ada02bc9741cdfef6/5d1e041e9a38c30001fb7bfe/5db71af94a951a571e9428b0/1572989030891/How+to+Tell+When+Your+Bath+is+Used+Up+%281%29.png;
https://www.waronhf.com/blog/tumble-brightening-with-multi-etch.html;/files/static/5c17d54ada02bc9741cdfef6/5d1e041e9a38c30001fb7bfe/5d7fed21b68fde746671b1a4/1568985018671/MEwebBrightening.jpg;
https://www.waronhf.com/blog/multi-etchs-pilgrimage-to-the-discovery-site-of-titanium;/files/static/5c17d54ada02bc9741cdfef6/5d1e041e9a38c30001fb7bfe/5d4da0f7396cb10001afe9f0/1566227181602/image001.jpg;
https://www.waronhf.com/blog/looking-for-distributors.html;/files/static/5c17d54ada02bc9741cdfef6/t/5d4da6a24db33b00014bfc48/1565370030768/Looking+for+Distributors+Outside+North+America.png;
https://www.waronhf.com/blog/plastic-containers.html;/files/static/5c17d54ada02bc9741cdfef6/5d1e041e9a38c30001fb7bfe/5d2ce9b5c848ac000167fb80/1564513073005/Multi+Etch+blog+cover+graphic+%282%29.png;
https://www.waronhf.com/blog/using-multi-etch-heated.html;/files/static/5c17d54ada02bc9741cdfef6/5d1e041e9a38c30001fb7bfe/5d1e04620b6f4c000118aeee/1567522943011/Using+multi+etch+heated+%281%29.png;
https://www.waronhf.com/blog/welcome.html;/files/static/5c17d54ada02bc9741cdfef6/5d1e041e9a38c30001fb7bfe/5d1e043411031d0001eaaa97/1562340030811/Multi+Etch+blog+cover+graphic+%281%29.png;
